1,admin,,all,Dark,,,2014-10-09 06:17:10
1,admin,,all,Dark,,,2014-10-09 06:18:04
1,admin,,all,Dark,,,2014-10-09 06:18:20
1,admin,,all,Dark,,,2014-10-09 06:18:35
1,admin,,all,let it go,,,2014-10-09 06:19:04
1,admin,,all,let it go,,,2014-10-09 06:19:19
1,admin,,all,let it go,,,2014-10-09 06:29:34
1,admin,,all,let it go,,,2014-10-09 06:29:53
1,admin,,all,let it go,,,2014-10-09 06:30:07
1,admin,,all,let it go,,,2014-10-09 06:30:23
1,admin,,all,let it go,,,2014-10-09 06:30:54
1,admin,,all,let it go,,,2014-10-09 06:30:59
1,admin,,all,let it go,,,2014-10-09 06:31:20
1,admin,,all,let it go,,,2014-10-09 06:32:34
1,admin,,all,let it go,,,2014-10-09 06:32:55
1,admin,,all,twas,,,2014-10-09 06:33:39
